Workbook

Sheet 01_前提・方針
A1: 入力（変更してOK）
A2: 項目 | B2: 説明 | C2: 値
A3: プロジェクト開始日 | B3: WBS/ガントの基準日 | C3: 46037
A4: 主訴求（全面に出す） | B4: マーケの一番上に置く価値提案 | C4: AIチーム開発 伴走支援
A5: 主軸サービス（LP表示用） | B5: プラン設計に合わせて調整 | C5: 生成AIを使いこなす人材育成（AIチーム開発/研修）
A6: ターゲット（暫定） | B6: 企業向け | C6: 企業向け（部門長/現場責任者/人事）
A7: 一次KPI | B7: 営業シミュレーションで使うKPI | C7: 月次 新規受注数（ライトニング/伴走/研修）
A8: 寿命仮説 | B8: 計画期間の前提 | C8: 2年（生成AI領域単体の優位が短命という仮説）
A9: 制作対象 | B9: サイト＋LP＋営業資料 | C9: LP（1枚）＋提案書＋事例/図解＋運用SOP
A10: 運用体制 | B10: 窓口/ファシリ、現場参加 | C10: Sat=窓口/ファシリ｜Uni,Tim=現場参加(インストラクター)

Sheet 02_プラン定義
A1: プラン | B1: 期間（ヶ月） | C1: 参加人数（最小） | D1: 参加人数（最大） | E1: 価格（円） | F1: 支払条件（例） | G1: 会議頻度/週 | H1: Sat h/週 | I1: Uni h/週 | J1: Tim h/週 | K1: 標準成果物（要約） | L1: 想定 月次売上（円） | M1: 想定 総工数h（週あたり×週数）
A2: AIチーム開発 伴走（標準） | B2: 3 | C2: 3 | D2: 5 | E2: 3000000 | F2: 50%前受 + 50%月末/検収 | G2: 2 | H2: 6 | I2: 4 | J2: 4 | K2: 診断→設計→実装伴走→定着（テンプレ/SOP/事例化） | L2: =IF(B2="","",E2/B2) | M2: =IF(B2="","",(H2+I2+J2)*(B2*4.33))
A3: AIチーム開発 伴走（ライトニング） | B3: 1 | C3: 3 | D3: 5 | E3: 5000000 | F3: 100%前受（短期集中） | G3: 3 | H3: 10 | I3: 8 | J3: 8 | K3: 短期で成果物を作り切る（ユースケース/テンプレ/運用設計） | L3: =IF(B3="","",E3/B3) | M3: =IF(B3="","",(H3+I3+J3)*(B3*4.33))
A4: 生成AI研修（入口） | B4: 1 | C4: 10 | D4: 30 | E4: 1200000 | F4: 100%前受 | G4: 1 | H4: 3 | I4: 2 | J4: 2 | K4: 基礎→業務適用→チーム内共有（研修資料/課題/評価） | L4: =IF(B4="","",E4/B4) | M4: =IF(B4="","",(H4+I4+J4)*(B4*4.33))

Sheet 03_営業ファネルKPI
A1: 入力（変更してOK）
A2: ファネル率（仮）
A3: リード→初回MTG | B3: 0.2
A4: 初回MTG→提案 | B4: 0.6
A5: 提案→受注 | B5: 0.25
A8: プラン | B8: 月次 受注（件） | C8: 単価（円） | D8: 月次 売上（円） | E8: 必要提案数 | F8: 必要初回MTG数 | G8: 必要リード数
A9: AIチーム開発 伴走（標準） | B9: 0 | C9: =IF(A9="","",XLOOKUP(A9,'02_プラン定義'!$A$2:$A$50,'02_プラン定義'!$E$2:$E$50)) | D9: =B9*C9 | E9: =IF(B9=0,0,B9/$B$5) | F9: =IF(E9=0,0,E9/$B$4) | G9: =IF(F9=0,0,F9/$B$3)
A10: AIチーム開発 伴走（ライトニング） | B10: 0 | C10: =IF(A10="","",XLOOKUP(A10,'02_プラン定義'!$A$2:$A$50,'02_プラン定義'!$E$2:$E$50)) | D10: =B10*C10 | E10: =IF(B10=0,0,B10/$B$5) | F10: =IF(E10=0,0,E10/$B$4) | G10: =IF(F10=0,0,F10/$B$3)
A11: 生成AI研修（入口） | B11: 0 | C11: =IF(A11="","",XLOOKUP(A11,'02_プラン定義'!$A$2:$A$50,'02_プラン定義'!$E$2:$E$50)) | D11: =B11*C11 | E11: =IF(B11=0,0,B11/$B$5) | F11: =IF(E11=0,0,E11/$B$4) | G11: =IF(F11=0,0,F11/$B$3)
A12: 合計 | B12: =SUM(B9:B11) | C12: =SUM(C9:C11) | D12: =SUM(D9:D11) | E12: =SUM(E9:E11) | F12: =SUM(F9:F11) | G12: =SUM(G9:G11)

Sheet 04_WBS
A1: ID | B1: ワークストリーム | C1: フェーズ | D1: タスク | E1: 成果物/アウトプット | F1: 担当（人物） | G1: 担当（ロール） | H1: 工数（営業日） | I1: 先行ID | J1: 開始日（入力） | K1: 終了日（自動） | L1: 状態 | M1: メモ | N1: 自動開始日（候補）
A2: T001 | B2: 0.準備 | C2: キックオフ | D2: キックオフ | E2: 目的/体制/進め方合意 | F2: Sat | G2: PM | H2: 1 | K2: =IF(J2="","",WORKDAY(J2,H2-1)) | L2: Not Started | N2: =IF(I2="","",WORKDAY(IFERROR(XLOOKUP(I2,$A$2:$A$500,$K$2:$K$500),'01_前提・方針'!$C$3),1))
A3: T002 | B3: 0.準備 | C3: 成功条件 | D3: KPI/OKR定義 | E3: KPI（受注/稼働/粗利/満足） | F3: Sat | G3: PM | H3: 2 | I3: T001 | K3: =IF(J3="","",WORKDAY(J3,H3-1)) | L3: Not Started | N3: =IF(I3="","",WORKDAY(IFERROR(XLOOKUP(I3,$A$2:$A$500,$K$2:$K$500),'01_前提・方針'!$C$3),1))
A4: T003 | B4: 0.準備 | C4: 体制 | D4: RACI/会議体確定 | E4: RACI/定例設計/議事録テンプレ | F4: Sat | G4: PM | H4: 1 | I4: T001 | K4: =IF(J4="","",WORKDAY(J4,H4-1)) | L4: Not Started | N4: =IF(I4="","",WORKDAY(IFERROR(XLOOKUP(I4,$A$2:$A$500,$K$2:$K$500),'01_前提・方針'!$C$3),1))
A5: T010 | B5: 1.超上流 | C5: 商品 | D5: プラン定義FIX | E5: 伴走/ライトニング/研修のスコープ・成果物 | F5: Sat | G5: PM | H5: 2 | I5: T002 | K5: =IF(J5="","",WORKDAY(J5,H5-1)) | L5: Not Started | M5: マイルストーン | N5: =IF(I5="","",WORKDAY(IFERROR(XLOOKUP(I5,$A$2:$A$500,$K$2:$K$500),'01_前提・方針'!$C$3),1))
A6: T011 | B6: 1.超上流 | C6: 商品 | D6: 成果物テンプレ整備 | E6: キックオフ/週次/最終報告/課題テンプレ | F6: Sat | G6: PM | H6: 3 | I6: T010 | K6: =IF(J6="","",WORKDAY(J6,H6-1)) | L6: Not Started | N6: =IF(I6="","",WORKDAY(IFERROR(XLOOKUP(I6,$A$2:$A$500,$K$2:$K$500),'01_前提・方針'!$C$3),1))
A7: T012 | B7: 1.超上流 | C7: 営業 | D7: 提案書テンプレ整備 | E7: 提案書（課題→方針→プラン→費用→事例） | F7: Sat | G7: PM | H7: 3 | I7: T010 | K7: =IF(J7="","",WORKDAY(J7,H7-1)) | L7: Not Started | N7: =IF(I7="","",WORKDAY(IFERROR(XLOOKUP(I7,$A$2:$A$500,$K$2:$K$500),'01_前提・方針'!$C$3),1))
A8: T013 | B8: 1.超上流 | C8: 営業 | D8: ヒアリングシート整備 | E8: ヒアリングシート（部門/業務/データ/制約） | F8: Sat | G8: PM | H8: 2 | I8: T010 | K8: =IF(J8="","",WORKDAY(J8,H8-1)) | L8: Not Started | N8: =IF(I8="","",WORKDAY(IFERROR(XLOOKUP(I8,$A$2:$A$500,$K$2:$K$500),'01_前提・方針'!$C$3),1))
A9: T020 | B9: 2.マーケ | C9: LP | D9: LP構成（セクション設計） | E9: FV〜CTAの骨子 | F9: Sat | G9: コピー | H9: 3 | I9: T010 | K9: =IF(J9="","",WORKDAY(J9,H9-1)) | L9: Not Started | N9: =IF(I9="","",WORKDAY(IFERROR(XLOOKUP(I9,$A$2:$A$500,$K$2:$K$500),'01_前提・方針'!$C$3),1))
A10: T021 | B10: 2.マーケ | C10: LP | D10: LPコピー初稿 | E10: AIチーム開発伴走で初稿 | F10: Sat | G10: コピー | H10: 5 | I10: T020 | K10: =IF(J10="","",WORKDAY(J10,H10-1)) | L10: Not Started | N10: =IF(I10="","",WORKDAY(IFERROR(XLOOKUP(I10,$A$2:$A$500,$K$2:$K$500),'01_前提・方針'!$C$3),1))
A11: T022 | B11: 2.マーケ | C11: LP | D11: 反論処理（FAQ） | E11: セキュリティ/費用/成果/補助金Q&A | F11: Sat | G11: コピー | H11: 2 | I11: T021 | K11: =IF(J11="","",WORKDAY(J11,H11-1)) | L11: Not Started | N11: =IF(I11="","",WORKDAY(IFERROR(XLOOKUP(I11,$A$2:$A$500,$K$2:$K$500),'01_前提・方針'!$C$3),1))
A12: T023 | B12: 2.マーケ | C12: 証拠 | D12: 事例テンプレ作成 | E12: 数値化フォーマット（Before/After/ROI） | F12: Sat | G12: PM | H12: 2 | I12: T010 | K12: =IF(J12="","",WORKDAY(J12,H12-1)) | L12: Not Started | N12: =IF(I12="","",WORKDAY(IFERROR(XLOOKUP(I12,$A$2:$A$500,$K$2:$K$500),'01_前提・方針'!$C$3),1))
A13: T024 | B13: 2.マーケ | C13: 証拠 | D13: 図解テンプレ作成 | E13: プロセス図/体制図/成果物イメージ | F13: Sat | G13: デザイン | H13: 3 | I13: T020 | K13: =IF(J13="","",WORKDAY(J13,H13-1)) | L13: Not Started | N13: =IF(I13="","",WORKDAY(IFERROR(XLOOKUP(I13,$A$2:$A$500,$K$2:$K$500),'01_前提・方針'!$C$3),1))
A14: T025 | B14: 2.マーケ | C14: 証拠 | D14: 実績の声収集 | E14: 推薦文/実績の声（文章） | F14: Sat | G14: PM | H14: 3 | I14: T023 | K14: =IF(J14="","",WORKDAY(J14,H14-1)) | L14: Not Started | M14: マイルストーン | N14: =IF(I14="","",WORKDAY(IFERROR(XLOOKUP(I14,$A$2:$A$500,$K$2:$K$500),'01_前提・方針'!$C$3),1))
A15: T030 | B15: 3.制作 | C15: デザイン | D15: デザイン制作 | E15: LPデザイン稿→FIX | F15: 外部/内製 | G15: デザイン | H15: 7 | I15: T021 | K15: =IF(J15="","",WORKDAY(J15,H15-1)) | L15: Not Started | M15: マイルストーン | N15: =IF(I15="","",WORKDAY(IFERROR(XLOOKUP(I15,$A$2:$A$500,$K$2:$K$500),'01_前提・方針'!$C$3),1))
A16: T040 | B16: 3.制作 | C16: 実装 | D16: LP実装 | E16: フォーム/日程調整/計測含む | F16: 外部/内製 | G16: 開発 | H16: 7 | I16: T030 | K16: =IF(J16="","",WORKDAY(J16,H16-1)) | L16: Not Started | N16: =IF(I16="","",WORKDAY(IFERROR(XLOOKUP(I16,$A$2:$A$500,$K$2:$K$500),'01_前提・方針'!$C$3),1))
A17: T041 | B17: 3.制作 | C17: 公開 | D17: 公開 | E17: LP公開＋計測確認 | F17: Sat | G17: PM | H17: 1 | I17: T040 | K17: =IF(J17="","",WORKDAY(J17,H17-1)) | L17: Not Started | M17: マイルストーン | N17: =IF(I17="","",WORKDAY(IFERROR(XLOOKUP(I17,$A$2:$A$500,$K$2:$K$500),'01_前提・方針'!$C$3),1))
A18: T050 | B18: 4.営業 | C18: パイプライン | D18: ターゲットリスト作成 | E18: 企業リスト＋打診文 | F18: Sat | G18: BD | H18: 3 | I18: T010 | K18: =IF(J18="","",WORKDAY(J18,H18-1)) | L18: Not Started | N18: =IF(I18="","",WORKDAY(IFERROR(XLOOKUP(I18,$A$2:$A$500,$K$2:$K$500),'01_前提・方針'!$C$3),1))
A19: T051 | B19: 4.営業 | C19: 商談 | D19: 初回相談の型 | E19: 初回MTGアジェンダ/質問/クロージング | F19: Sat | G19: BD | H19: 2 | I19: T012 | K19: =IF(J19="","",WORKDAY(J19,H19-1)) | L19: Not Started | N19: =IF(I19="","",WORKDAY(IFERROR(XLOOKUP(I19,$A$2:$A$500,$K$2:$K$500),'01_前提・方針'!$C$3),1))
A20: T060 | B20: 5.検証 | C20: PoC | D20: ライトニング1社実施 | E20: 短期集中で成果を作る | F20: Sat/Uni/Tim | G20: Delivery | H20: 20 | I20: T041 | K20: =IF(J20="","",WORKDAY(J20,H20-1)) | L20: Not Started | M20: マイルストーン | N20: =IF(I20="","",WORKDAY(IFERROR(XLOOKUP(I20,$A$2:$A$500,$K$2:$K$500),'01_前提・方針'!$C$3),1))
A21: T061 | B21: 5.検証 | C21: 効果測定 | D21: ROI測定 | E21: 効果レポート作成 | F21: Sat | G21: PM | H21: 3 | I21: T060 | K21: =IF(J21="","",WORKDAY(J21,H21-1)) | L21: Not Started | N21: =IF(I21="","",WORKDAY(IFERROR(XLOOKUP(I21,$A$2:$A$500,$K$2:$K$500),'01_前提・方針'!$C$3),1))
A22: T062 | B22: 5.検証 | C22: 標準化 | D22: 成功パターン標準化 | E22: SOP/テンプレ/オンボード整備 | F22: Sat | G22: PM | H22: 5 | I22: T061 | K22: =IF(J22="","",WORKDAY(J22,H22-1)) | L22: Not Started | M22: マイルストーン | N22: =IF(I22="","",WORKDAY(IFERROR(XLOOKUP(I22,$A$2:$A$500,$K$2:$K$500),'01_前提・方針'!$C$3),1))
A23: T070 | B23: 6.スケール | C23: 営業資料 | D23: ケーススタディ作成 | E23: 事例1本→3本へ拡張 | F23: Sat | G23: コピー | H23: 5 | I23: T061 | K23: =IF(J23="","",WORKDAY(J23,H23-1)) | L23: Not Started | N23: =IF(I23="","",WORKDAY(IFERROR(XLOOKUP(I23,$A$2:$A$500,$K$2:$K$500),'01_前提・方針'!$C$3),1))
A24: T071 | B24: 6.スケール | C24: パートナー | D24: 紹介チャネル設計 | E24: 商工会議所/コミュニティ/代理店 | F24: Sat | G24: BD | H24: 5 | I24: T062 | K24: =IF(J24="","",WORKDAY(J24,H24-1)) | L24: Not Started | N24: =IF(I24="","",WORKDAY(IFERROR(XLOOKUP(I24,$A$2:$A$500,$K$2:$K$500),'01_前提・方針'!$C$3),1))
A26: メモ：自動開始日（候補）は XLOOKUP が使える環境で有効。開始日は基本入力し、候補をコピペして使う想定。

Sheet 05_ガント
A1: 表示開始日 | B1: ='01_前提・方針'!$C$3
A2: 表示日数 | B2: 140
A4: ID | B4: タスク | C4: 担当 | D4: 開始 | E4: 終了 | F4: =$B$1+0 | G4: =$B$1+1 | H4: =$B$1+2 | I4: =$B$1+3 | J4: =$B$1+4 | K4: =$B$1+5 | L4: =$B$1+6 | M4: =$B$1+7 | N4: =$B$1+8 | O4: =$B$1+9 | P4: =$B$1+10 | Q4: =$B$1+11 | R4: =$B$1+12 | S4: =$B$1+13 | T4: =$B$1+14 | U4: =$B$1+15 | V4: =$B$1+16 | W4: =$B$1+17 | X4: =$B$1+18 | Y4: =$B$1+19 | Z4: =$B$1+20 | AA4: =$B$1+21 | AB4: =$B$1+22 | AC4: =$B$1+23 | AD4: =$B$1+24 | AE4: =$B$1+25 | AF4: =$B$1+26 | AG4: =$B$1+27 | AH4: =$B$1+28 | AI4: =$B$1+29 | AJ4: =$B$1+30 | AK4: =$B$1+31 | AL4: =$B$1+32 | AM4: =$B$1+33 | AN4: =$B$1+34 | AO4: =$B$1+35 | AP4: =$B$1+36 | AQ4: =$B$1+37 | AR4: =$B$1+38 | AS4: =$B$1+39 | AT4: =$B$1+40 | AU4: =$B$1+41 | AV4: =$B$1+42 | AW4: =$B$1+43 | AX4: =$B$1+44 | AY4: =$B$1+45 | AZ4: =$B$1+46 | BA4: =$B$1+47 | BB4: =$B$1+48 | BC4: =$B$1+49 | BD4: =$B$1+50 | BE4: =$B$1+51 | BF4: =$B$1+52 | BG4: =$B$1+53 | BH4: =$B$1+54 | BI4: =$B$1+55 | BJ4: =$B$1+56 | BK4: =$B$1+57 | BL4: =$B$1+58 | BM4: =$B$1+59
A5: ='04_WBS'!A2 | B5: ='04_WBS'!D2 | C5: ='04_WBS'!F2 | D5: ='04_WBS'!J2 | E5: ='04_WBS'!K2
A6: ='04_WBS'!A3 | B6: ='04_WBS'!D3 | C6: ='04_WBS'!F3 | D6: ='04_WBS'!J3 | E6: ='04_WBS'!K3
A7: ='04_WBS'!A4 | B7: ='04_WBS'!D4 | C7: ='04_WBS'!F4 | D7: ='04_WBS'!J4 | E7: ='04_WBS'!K4
A8: ='04_WBS'!A5 | B8: ='04_WBS'!D5 | C8: ='04_WBS'!F5 | D8: ='04_WBS'!J5 | E8: ='04_WBS'!K5
A9: ='04_WBS'!A6 | B9: ='04_WBS'!D6 | C9: ='04_WBS'!F6 | D9: ='04_WBS'!J6 | E9: ='04_WBS'!K6
A10: ='04_WBS'!A7 | B10: ='04_WBS'!D7 | C10: ='04_WBS'!F7 | D10: ='04_WBS'!J7 | E10: ='04_WBS'!K7
A11: ='04_WBS'!A8 | B11: ='04_WBS'!D8 | C11: ='04_WBS'!F8 | D11: ='04_WBS'!J8 | E11: ='04_WBS'!K8
A12: ='04_WBS'!A9 | B12: ='04_WBS'!D9 | C12: ='04_WBS'!F9 | D12: ='04_WBS'!J9 | E12: ='04_WBS'!K9
A13: ='04_WBS'!A10 | B13: ='04_WBS'!D10 | C13: ='04_WBS'!F10 | D13: ='04_WBS'!J10 | E13: ='04_WBS'!K10
A14: ='04_WBS'!A11 | B14: ='04_WBS'!D11 | C14: ='04_WBS'!F11 | D14: ='04_WBS'!J11 | E14: ='04_WBS'!K11
A15: ='04_WBS'!A12 | B15: ='04_WBS'!D12 | C15: ='04_WBS'!F12 | D15: ='04_WBS'!J12 | E15: ='04_WBS'!K12
A16: ='04_WBS'!A13 | B16: ='04_WBS'!D13 | C16: ='04_WBS'!F13 | D16: ='04_WBS'!J13 | E16: ='04_WBS'!K13
... A27: ='04_WBS'!A24 | B27: ='04_WBS'!D24 | C27: ='04_WBS'!F24 | D27: ='04_WBS'!J24 | E27: ='04_WBS'!K24

Sheet 06_案件トラッカー
A1: 案件ID | B1: 会社名 | C1: プラン | D1: ステータス | E1: 開始日 | F1: 終了予定 | G1: 次回MTG | H1: 月次売上（円） | I1: Sat h/週 | J1: Uni h/週 | K1: Tim h/週 | L1: メモ
H2: =IF(C2="","",XLOOKUP(C2,'02_プラン定義'!$A$2:$A$50,'02_プラン定義'!$L$2:$L$50)) | I2: =IF(C2="","",XLOOKUP(C2,'02_プラン定義'!$A$2:$A$50,'02_プラン定義'!$H$2:$H$50)) | J2: =IF(C2="","",XLOOKUP(C2,'02_プラン定義'!$A$2:$A$50,'02_プラン定義'!$I$2:$I$50)) | K2: =IF(C2="","",XLOOKUP(C2,'02_プラン定義'!$A$2:$A$50,'02_プラン定義'!$J$2:$J$50))
H3: =IF(C3="","",XLOOKUP(C3,'02_プラン定義'!$A$2:$A$50,'02_プラン定義'!$L$2:$L$50)) | I3: =IF(C3="","",XLOOKUP(C3,'02_プラン定義'!$A$2:$A$50,'02_プラン定義'!$H$2:$H$50)) | J3: =IF(C3="","",XLOOKUP(C3,'02_プラン定義'!$A$2:$A$50,'02_プラン定義'!$I$2:$I$50)) | K3: =IF(C3="","",XLOOKUP(C3,'02_プラン定義'!$A$2:$A$50,'02_プラン定義'!$J$2:$J$50))
H4: =IF(C4="","",XLOOKUP(C4,'02_プラン定義'!$A$2:$A$50,'02_プラン定義'!$L$2:$L$50)) | I4: =IF(C4="","",XLOOKUP(C4,'02_プラン定義'!$A$2:$A$50,'02_プラン定義'!$H$2:$H$50)) | J4: =IF(C4="","",XLOOKUP(C4,'02_プラン定義'!$A$2:$A$50,'02_プラン定義'!$I$2:$I$50)) | K4: =IF(C4="","",XLOOKUP(C4,'02_プラン定義'!$A$2:$A$50,'02_プラン定義'!$J$2:$J$50))
H5: =IF(C5="","",XLOOKUP(C5,'02_プラン定義'!$A$2:$A$50,'02_プラン定義'!$L$2:$L$50)) | I5: =IF(C5="","",XLOOKUP(C5,'02_プラン定義'!$A$2:$A$50,'02_プラン定義'!$H$2:$H$50)) | J5: =IF(C5="","",XLOOKUP(C5,'02_プラン定義'!$A$2:$A$50,'02_プラン定義'!$I$2:$I$50)) | K5: =IF(C5="","",XLOOKUP(C5,'02_プラン定義'!$A$2:$A$50,'02_プラン定義'!$J$2:$J$50))
H6: =IF(C6="","",XLOOKUP(C6,'02_プラン定義'!$A$2:$A$50,'02_プラン定義'!$L$2:$L$50)) | I6: =IF(C6="","",XLOOKUP(C6,'02_プラン定義'!$A$2:$A$50,'02_プラン定義'!$H$2:$H$50)) | J6: =IF(C6="","",XLOOKUP(C6,'02_プラン定義'!$A$2:$A$50,'02_プラン定義'!$I$2:$I$50)) | K6: =IF(C6="","",XLOOKUP(C6,'02_プラン定義'!$A$2:$A$50,'02_プラン定義'!$J$2:$J$50))
H7: =IF(C7="","",XLOOKUP(C7,'02_プラン定義'!$A$2:$A$50,'02_プラン定義'!$L$2:$L$50)) | I7: =IF(C7="","",XLOOKUP(C7,'02_プラン定義'!$A$2:$A$50,'02_プラン定義'!$H$2:$H$50)) | J7: =IF(C7="","",XLOOKUP(C7,'02_プラン定義'!$A$2:$A$50,'02_プラン定義'!$I$2:$I$50)) | K7: =IF(C7="","",XLOOKUP(C7,'02_プラン定義'!$A$2:$A$50,'02_プラン定義'!$J$2:$J$50))
H8: =IF(C8="","",XLOOKUP(C8,'02_プラン定義'!$A$2:$A$50,'02_プラン定義'!$L$2:$L$50)) | I8: =IF(C8="","",XLOOKUP(C8,'02_プラン定義'!$A$2:$A$50,'02_プラン定義'!$H$2:$H$50)) | J8: =IF(C8="","",XLOOKUP(C8,'02_プラン定義'!$A$2:$A$50,'02_プラン定義'!$I$2:$I$50)) | K8: =IF(C8="","",XLOOKUP(C8,'02_プラン定義'!$A$2:$A$50,'02_プラン定義'!$J$2:$J$50))
H9: =IF(C9="","",XLOOKUP(C9,'02_プラン定義'!$A$2:$A$50,'02_プラン定義'!$L$2:$L$50)) | I9: =IF(C9="","",XLOOKUP(C9,'02_プラン定義'!$A$2:$A$50,'02_プラン定義'!$H$2:$H$50)) | J9: =IF(C9="","",XLOOKUP(C9,'02_プラン定義'!$A$2:$A$50,'02_プラン定義'!$I$2:$I$50)) | K9: =IF(C9="","",XLOOKUP(C9,'02_プラン定義'!$A$2:$A$50,'02_プラン定義'!$J$2:$J$50))
H10: =IF(C10="","",XLOOKUP(C10,'02_プラン定義'!$A$2:$A$50,'02_プラン定義'!$L$2:$L$50)) | I10: =IF(C10="","",XLOOKUP(C10,'02_プラン定義'!$A$2:$A$50,'02_プラン定義'!$H$2:$H$50)) | J10: =IF(C10="","",XLOOKUP(C10,'02_プラン定義'!$A$2:$A$50,'02_プラン定義'!$I$2:$I$50)) | K10: =IF(C10="","",XLOOKUP(C10,'02_プラン定義'!$A$2:$A$50,'02_プラン定義'!$J$2:$J$50))
H11: =IF(C11="","",XLOOKUP(C11,'02_プラン定義'!$A$2:$A$50,'02_プラン定義'!$L$2:$L$50)) | I11: =IF(C11="","",XLOOKUP(C11,'02_プラン定義'!$A$2:$A$50,'02_プラン定義'!$H$2:$H$50)) | J11: =IF(C11="","",XLOOKUP(C11,'02_プラン定義'!$A$2:$A$50,'02_プラン定義'!$I$2:$I$50)) | K11: =IF(C11="","",XLOOKUP(C11,'02_プラン定義'!$A$2:$A$50,'02_プラン定義'!$J$2:$J$50))
H12: =IF(C12="","",XLOOKUP(C12,'02_プラン定義'!$A$2:$A$50,'02_プラン定義'!$L$2:$L$50)) | I12: =IF(C12="","",XLOOKUP(C12,'02_プラン定義'!$A$2:$A$50,'02_プラン定義'!$H$2:$H$50)) | J12: =IF(C12="","",XLOOKUP(C12,'02_プラン定義'!$A$2:$A$50,'02_プラン定義'!$I$2:$I$50)) | K12: =IF(C12="","",XLOOKUP(C12,'02_プラン定義'!$A$2:$A$50,'02_プラン定義'!$J$2:$J$50))
H13: =IF(C13="","",XLOOKUP(C13,'02_プラン定義'!$A$2:$A$50,'02_プラン定義'!$L$2:$L$50)) | I13: =IF(C13="","",XLOOKUP(C13,'02_プラン定義'!$A$2:$A$50,'02_プラン定義'!$H$2:$H$50)) | J13: =IF(C13="","",XLOOKUP(C13,'02_プラン定義'!$A$2:$A$50,'02_プラン定義'!$I$2:$I$50)) | K13: =IF(C13="","",XLOOKUP(C13,'02_プラン定義'!$A$2:$A$50,'02_プラン定義'!$J$2:$J$50))
... H21: =IF(C21="","",XLOOKUP(C21,'02_プラン定義'!$A$2:$A$50,'02_プラン定義'!$L$2:$L$50)) | I21: =IF(C21="","",XLOOKUP(C21,'02_プラン定義'!$A$2:$A$50,'02_プラン定義'!$H$2:$H$50)) | J21: =IF(C21="","",XLOOKUP(C21,'02_プラン定義'!$A$2:$A$50,'02_プラン定義'!$I$2:$I$50)) | K21: =IF(C21="","",XLOOKUP(C21,'02_プラン定義'!$A$2:$A$50,'02_プラン定義'!$J$2:$J$50))

Sheet 07_容量
A1: ロール別 稼働（週次）
A2: 入力（変更してOK）
A4: ロール | B4: 稼働上限 h/週 | C4: 割当 h/週（案件合計） | D4: 稼働率
A5: Sat | B5: 20 | C5: =SUM('06_案件トラッカー'!I2:I21) | D5: =IF(B5=0,0,C5/B5)
A6: Uni | B6: 20 | C6: =SUM('06_案件トラッカー'!J2:J21) | D6: =IF(B6=0,0,C6/B6)
A7: Tim | B7: 20 | C7: =SUM('06_案件トラッカー'!K2:K21) | D7: =IF(B7=0,0,C7/B7)

Sheet 08_RACI
A1: 成果物/領域 | B1: Sat(PM/BD) | C1: Uni(講師) | D1: Tim(講師) | E1: 外部デザイン | F1: 外部開発 | G1: クライアント承認者
A2: キックオフ/計画 | B2: A/R | C2: C | D2: C | E2: I | F2: I | G2: C
A3: プラン定義/価格/成果物 | B3: A/R | C3: C | D3: C | E3: I | F3: I | G3: C
A4: 提案書/ヒアリング | B4: A/R | C4: C | D4: C | E4: I | F4: I | G4: C
A5: LPコピー/営業資料 | B5: A/R | C5: I | D5: I | E5: C | F5: I | G5: I
A6: デリバリー（ライトニング） | B6: A | C6: R | D6: R | E6: I | F6: I | G6: C
A7: 効果測定/事例化 | B7: A/R | C7: C | D7: C | E7: I | F7: I | G7: C

Sheet 09_リスクログ
A1: ID | B1: リスク内容 | C1: 発生確率 | D1: 影響度 | E1: 検知シグナル | F1: 対策（予防） | G1: 対策（発生時） | H1: オーナー | I1: 状態 | J1: メモ
A2: R01 | B2: 補助金制度の変更/停止で提案が弱くなる | C2: 中 | D2: 大 | E2: 制度変更ニュース/要件更新 | F2: 補助金なしでも成立する価値提案を用意 | G2: 価格・プラン再設計 | H2: Sat | I2: Open
A3: R02 | B3: 大手参入・コモディティ化で差別化が薄れる | C3: 高 | D3: 大 | E3: 価格下落/広告増 | F3: 短期成果（ライトニング）+成果物テンプレで差別化 | G3: ICP再定義/事例を尖らせる | H3: Sat | I3: Open
A4: R03 | B4: 成果（ROI）が曖昧で成約が落ちる | C4: 高 | D4: 大 | E4: 提案でROI質問増 | F4: 効果測定の仕組みを先に作る | G4: 事例追加/保証条件見直し | H4: Sat | I4: Open
A5: R04 | B5: デリバリー工数が膨らみ品質が落ちる | C5: 中 | D5: 大 | E5: 稼働率>100%が続く | F5: WBS/SOPで標準化、スコープ固定 | G5: 納期調整/増員/外注 | H5: Sat | I5: Open
A6: R05 | B6: 情報セキュリティ懸念で導入が止まる | C6: 中 | D6: 中 | E6: NDA/制限強い | F6: データ取扱い・非学習設定の説明資料 | G6: 制限運用の代替提案 | H6: Sat | I6: Open

Sheet 10_月次売上計画
A1: ここは売上のざっくり見通し用（プラン別の受注数入力）。詳細PL/BSは別モデルに接続して使う想定。
A3: 月 | B3: ライトニング（件） | C3: 伴走（件） | D3: 研修（件） | E3: 月次売上（円） | F3: 目標提案数 | G3: 目標初回MTG数 | H3: 目標リード数
A4: 2026-02 | B4: 0 | C4: 0 | D4: 0 | E4: =B4*XLOOKUP("AIチーム開発 伴走（ライトニング）",'02_プラン定義'!$A$2:$A$50,'02_プラン定義'!$E$2:$E$50)+C4*XLOOKUP("AIチーム開発 伴走（標準）",'02_プラン定義'!$A$2:$A$50,'02_プラン定義'!$E$2:$E$50)+D4*XLOOKUP("生成AI研修（入口）",'02_プラン定義'!$A$2:$A$50,'02_プラン定義'!$E$2:$E$50) | F4: =IF(SUM(B4:D4)=0,0,SUM(B4:D4)/'03_営業ファネルKPI'!$B$5) | G4: =IF(F4=0,0,F4/'03_営業ファネルKPI'!$B$4) | H4: =IF(G4=0,0,G4/'03_営業ファネルKPI'!$B$3)
A5: 2026-03 | B5: 0 | C5: 0 | D5: 0 | E5: =B5*XLOOKUP("AIチーム開発 伴走（ライトニング）",'02_プラン定義'!$A$2:$A$50,'02_プラン定義'!$E$2:$E$50)+C5*XLOOKUP("AIチーム開発 伴走（標準）",'02_プラン定義'!$A$2:$A$50,'02_プラン定義'!$E$2:$E$50)+D5*XLOOKUP("生成AI研修（入口）",'02_プラン定義'!$A$2:$A$50,'02_プラン定義'!$E$2:$E$50) | F5: =IF(SUM(B5:D5)=0,0,SUM(B5:D5)/'03_営業ファネルKPI'!$B$5) | G5: =IF(F5=0,0,F5/'03_営業ファネルKPI'!$B$4) | H5: =IF(G5=0,0,G5/'03_営業ファネルKPI'!$B$3)
A6: 2026-04 | B6: 0 | C6: 0 | D6: 0 | E6: =B6*XLOOKUP("AIチーム開発 伴走（ライトニング）",'02_プラン定義'!$A$2:$A$50,'02_プラン定義'!$E$2:$E$50)+C6*XLOOKUP("AIチーム開発 伴走（標準）",'02_プラン定義'!$A$2:$A$50,'02_プラン定義'!$E$2:$E$50)+D6*XLOOKUP("生成AI研修（入口）",'02_プラン定義'!$A$2:$A$50,'02_プラン定義'!$E$2:$E$50) | F6: =IF(SUM(B6:D6)=0,0,SUM(B6:D6)/'03_営業ファネルKPI'!$B$5) | G6: =IF(F6=0,0,F6/'03_営業ファネルKPI'!$B$4) | H6: =IF(G6=0,0,G6/'03_営業ファネルKPI'!$B$3)
A7: 2026-05 | B7: 0 | C7: 0 | D7: 0 | E7: =B7*XLOOKUP("AIチーム開発 伴走（ライトニング）",'02_プラン定義'!$A$2:$A$50,'02_プラン定義'!$E$2:$E$50)+C7*XLOOKUP("AIチーム開発 伴走（標準）",'02_プラン定義'!$A$2:$A$50,'02_プラン定義'!$E$2:$E$50)+D7*XLOOKUP("生成AI研修（入口）",'02_プラン定義'!$A$2:$A$50,'02_プラン定義'!$E$2:$E$50) | F7: =IF(SUM(B7:D7)=0,0,SUM(B7:D7)/'03_営業ファネルKPI'!$B$5) | G7: =IF(F7=0,0,F7/'03_営業ファネルKPI'!$B$4) | H7: =IF(G7=0,0,G7/'03_営業ファネルKPI'!$B$3)
A8: 2026-06 | B8: 0 | C8: 0 | D8: 0 | E8: =B8*XLOOKUP("AIチーム開発 伴走（ライトニング）",'02_プラン定義'!$A$2:$A$50,'02_プラン定義'!$E$2:$E$50)+C8*XLOOKUP("AIチーム開発 伴走（標準）",'02_プラン定義'!$A$2:$A$50,'02_プラン定義'!$E$2:$E$50)+D8*XLOOKUP("生成AI研修（入口）",'02_プラン定義'!$A$2:$A$50,'02_プラン定義'!$E$2:$E$50) | F8: =IF(SUM(B8:D8)=0,0,SUM(B8:D8)/'03_営業ファネルKPI'!$B$5) | G8: =IF(F8=0,0,F8/'03_営業ファネルKPI'!$B$4) | H8: =IF(G8=0,0,G8/'03_営業ファネルKPI'!$B$3)
A9: 2026-07 | B9: 0 | C9: 0 | D9: 0 | E9: =B9*XLOOKUP("AIチーム開発 伴走（ライトニング）",'02_プラン定義'!$A$2:$A$50,'02_プラン定義'!$E$2:$E$50)+C9*XLOOKUP("AIチーム開発 伴走（標準）",'02_プラン定義'!$A$2:$A$50,'02_プラン定義'!$E$2:$E$50)+D9*XLOOKUP("生成AI研修（入口）",'02_プラン定義'!$A$2:$A$50,'02_プラン定義'!$E$2:$E$50) | F9: =IF(SUM(B9:D9)=0,0,SUM(B9:D9)/'03_営業ファネルKPI'!$B$5) | G9: =IF(F9=0,0,F9/'03_営業ファネルKPI'!$B$4) | H9: =IF(G9=0,0,G9/'03_営業ファネルKPI'!$B$3)
A10: 2026-08 | B10: 0 | C10: 0 | D10: 0 | E10: =B10*XLOOKUP("AIチーム開発 伴走（ライトニング）",'02_プラン定義'!$A$2:$A$50,'02_プラン定義'!$E$2:$E$50)+C10*XLOOKUP("AIチーム開発 伴走（標準）",'02_プラン定義'!$A$2:$A$50,'02_プラン定義'!$E$2:$E$50)+D10*XLOOKUP("生成AI研修（入口）",'02_プラン定義'!$A$2:$A$50,'02_プラン定義'!$E$2:$E$50) | F10: =IF(SUM(B10:D10)=0,0,SUM(B10:D10)/'03_営業ファネルKPI'!$B$5) | G10: =IF(F10=0,0,F10/'03_営業ファネルKPI'!$B$4) | H10: =IF(G10=0,0,G10/'03_営業ファネルKPI'!$B$3)
A11: 2026-09 | B11: 0 | C11: 0 | D11: 0 | E11: =B11*XLOOKUP("AIチーム開発 伴走（ライトニング）",'02_プラン定義'!$A$2:$A$50,'02_プラン定義'!$E$2:$E$50)+C11*XLOOKUP("AIチーム開発 伴走（標準）",'02_プラン定義'!$A$2:$A$50,'02_プラン定義'!$E$2:$E$50)+D11*XLOOKUP("生成AI研修（入口）",'02_プラン定義'!$A$2:$A$50,'02_プラン定義'!$E$2:$E$50) | F11: =IF(SUM(B11:D11)=0,0,SUM(B11:D11)/'03_営業ファネルKPI'!$B$5) | G11: =IF(F11=0,0,F11/'03_営業ファネルKPI'!$B$4) | H11: =IF(G11=0,0,G11/'03_営業ファネルKPI'!$B$3)
A12: 2026-10 | B12: 0 | C12: 0 | D12: 0 | E12: =B12*XLOOKUP("AIチーム開発 伴走（ライトニング）",'02_プラン定義'!$A$2:$A$50,'02_プラン定義'!$E$2:$E$50)+C12*XLOOKUP("AIチーム開発 伴走（標準）",'02_プラン定義'!$A$2:$A$50,'02_プラン定義'!$E$2:$E$50)+D12*XLOOKUP("生成AI研修（入口）",'02_プラン定義'!$A$2:$A$50,'02_プラン定義'!$E$2:$E$50) | F12: =IF(SUM(B12:D12)=0,0,SUM(B12:D12)/'03_営業ファネルKPI'!$B$5) | G12: =IF(F12=0,0,F12/'03_営業ファネルKPI'!$B$4) | H12: =IF(G12=0,0,G12/'03_営業ファネルKPI'!$B$3)
A13: 2026-11 | B13: 0 | C13: 0 | D13: 0 | E13: =B13*XLOOKUP("AIチーム開発 伴走（ライトニング）",'02_プラン定義'!$A$2:$A$50,'02_プラン定義'!$E$2:$E$50)+C13*XLOOKUP("AIチーム開発 伴走（標準）",'02_プラン定義'!$A$2:$A$50,'02_プラン定義'!$E$2:$E$50)+D13*XLOOKUP("生成AI研修（入口）",'02_プラン定義'!$A$2:$A$50,'02_プラン定義'!$E$2:$E$50) | F13: =IF(SUM(B13:D13)=0,0,SUM(B13:D13)/'03_営業ファネルKPI'!$B$5) | G13: =IF(F13=0,0,F13/'03_営業ファネルKPI'!$B$4) | H13: =IF(G13=0,0,G13/'03_営業ファネルKPI'!$B$3)
A14: 2026-12 | B14: 0 | C14: 0 | D14: 0 | E14: =B14*XLOOKUP("AIチーム開発 伴走（ライトニング）",'02_プラン定義'!$A$2:$A$50,'02_プラン定義'!$E$2:$E$50)+C14*XLOOKUP("AIチーム開発 伴走（標準）",'02_プラン定義'!$A$2:$A$50,'02_プラン定義'!$E$2:$E$50)+D14*XLOOKUP("生成AI研修（入口）",'02_プラン定義'!$A$2:$A$50,'02_プラン定義'!$E$2:$E$50) | F14: =IF(SUM(B14:D14)=0,0,SUM(B14:D14)/'03_営業ファネルKPI'!$B$5) | G14: =IF(F14=0,0,F14/'03_営業ファネルKPI'!$B$4) | H14: =IF(G14=0,0,G14/'03_営業ファネルKPI'!$B$3)
A15: 2027-01 | B15: 0 | C15: 0 | D15: 0 | E15: =B15*XLOOKUP("AIチーム開発 伴走（ライトニング）",'02_プラン定義'!$A$2:$A$50,'02_プラン定義'!$E$2:$E$50)+C15*XLOOKUP("AIチーム開発 伴走（標準）",'02_プラン定義'!$A$2:$A$50,'02_プラン定義'!$E$2:$E$50)+D15*XLOOKUP("生成AI研修（入口）",'02_プラン定義'!$A$2:$A$50,'02_プラン定義'!$E$2:$E$50) | F15: =IF(SUM(B15:D15)=0,0,SUM(B15:D15)/'03_営業ファネルKPI'!$B$5) | G15: =IF(F15=0,0,F15/'03_営業ファネルKPI'!$B$4) | H15: =IF(G15=0,0,G15/'03_営業ファネルKPI'!$B$3)
... A27: 2028-01 | B27: 0 | C27: 0 | D27: 0 | E27: =B27*XLOOKUP("AIチーム開発 伴走（ライトニング）",'02_プラン定義'!$A$2:$A$50,'02_プラン定義'!$E$2:$E$50)+C27*XLOOKUP("AIチーム開発 伴走（標準）",'02_プラン定義'!$A$2:$A$50,'02_プラン定義'!$E$2:$E$50)+D27*XLOOKUP("生成AI研修（入口）",'02_プラン定義'!$A$2:$A$50,'02_プラン定義'!$E$2:$E$50) | F27: =IF(SUM(B27:D27)=0,0,SUM(B27:D27)/'03_営業ファネルKPI'!$B$5) | G27: =IF(F27=0,0,F27/'03_営業ファネルKPI'!$B$4) | H27: =IF(G27=0,0,G27/'03_営業ファネルKPI'!$B$3)
